{"cameraMode":{"drawMode":0,"name":"Shaded","section":"Shading Mode"},"sceneLighting":false,"audioPlay":false,"sceneViewState":{"showFog":true,"showMaterialUpdate":false,"showSkybox":false,"showFlares":true,"showImageEffects":true,"showParticleSystems":true},"in2DMode":false,"pivot":{"x":-0.41999998688697817,"y":0.20000000298023225,"z":0.005900000222027302},"rotation":{"x":-0.04935160279273987,"y":0.949141800403595,"z":-0.19073086977005006,"w":-0.24559375643730164},"size":0.007395029067993164,"orthographic":false}