{"cameraMode":{"drawMode":0,"name":"Shaded","section":"Shading Mode"},"sceneLighting":false,"audioPlay":false,"sceneViewState":{"showFog":true,"showMaterialUpdate":false,"showSkybox":false,"showFlares":true,"showImageEffects":true,"showParticleSystems":true},"in2DMode":false,"pivot":{"x":109.9940185546875,"y":-66.86940002441406,"z":-93.45050048828125},"rotation":{"x":0.04749779403209686,"y":0.18029101192951203,"z":-0.008715800009667874,"w":0.9824274778366089},"size":13.136990547180176,"orthographic":false}