{"cameraMode":{"drawMode":0,"name":"Shaded","section":"Shading Mode"},"sceneLighting":true,"audioPlay":false,"sceneViewState":{"showFog":true,"showMaterialUpdate":false,"showSkybox":false,"showFlares":true,"showImageEffects":true,"showParticleSystems":true},"in2DMode":false,"pivot":{"x":-2.669414520263672,"y":6.810085296630859,"z":-12.542547225952149},"rotation":{"x":0.24317550659179688,"y":0.6410412192344666,"z":-0.22518284618854524,"w":0.692267894744873},"size":12.711783409118653,"orthographic":false}