{"cameraMode":{"drawMode":0,"name":"Shaded","section":"Shading Mode"},"sceneLighting":false,"audioPlay":false,"sceneViewState":{"showFog":true,"showMaterialUpdate":false,"showSkybox":false,"showFlares":true,"showImageEffects":true,"showParticleSystems":true},"in2DMode":false,"pivot":{"x":-2.1592140197753908,"y":11.418729782104493,"z":12.843034744262696},"rotation":{"x":-0.0810302197933197,"y":0.8137345910072327,"z":-0.11700593680143357,"w":-0.5635417699813843},"size":12.618661880493164,"orthographic":false}