{"cameraMode":{"drawMode":0,"name":"Shaded","section":"Shading Mode"},"sceneLighting":false,"audioPlay":false,"sceneViewState":{"showFog":true,"showMaterialUpdate":false,"showSkybox":false,"showFlares":true,"showImageEffects":true,"showParticleSystems":true},"in2DMode":false,"pivot":{"x":-0.20421373844146729,"y":-1.5431246757507325,"z":-1.9132561683654786},"rotation":{"x":-0.002152359578758478,"y":-0.9943752288818359,"z":-0.0205765999853611,"w":0.10389876365661621},"size":2.904819965362549,"orthographic":false}