{"cameraMode":{"drawMode":0,"name":"Shaded","section":"Shading Mode"},"sceneLighting":false,"audioPlay":false,"sceneViewState":{"showFog":true,"showMaterialUpdate":false,"showSkybox":false,"showFlares":true,"showImageEffects":true,"showParticleSystems":true},"in2DMode":false,"pivot":{"x":-1.0403176546096802,"y":1.6559383869171143,"z":-0.5771656632423401},"rotation":{"x":-0.006474507972598076,"y":0.981417715549469,"z":0.03356641158461571,"w":0.1889151632785797},"size":0.10523205995559693,"orthographic":false}