{"cameraMode":{"drawMode":0,"name":"Shaded","section":"Shading Mode"},"sceneLighting":false,"audioPlay":false,"sceneViewState":{"showFog":true,"showMaterialUpdate":false,"showSkybox":false,"showFlares":true,"showImageEffects":true,"showParticleSystems":true},"in2DMode":false,"pivot":{"x":31.696640014648439,"y":-52.396827697753909,"z":16.43758773803711},"rotation":{"x":0.016604576259851457,"y":-0.1553516536951065,"z":0.002611891133710742,"w":0.9877223372459412},"size":40.339515686035159,"orthographic":false}