{"cameraMode":{"drawMode":0,"name":"Shaded","section":"Shading Mode"},"sceneLighting":false,"audioPlay":false,"sceneViewState":{"showFog":true,"showMaterialUpdate":false,"showSkybox":false,"showFlares":true,"showImageEffects":true,"showParticleSystems":true},"in2DMode":false,"pivot":{"x":0.03248095512390137,"y":7.523033142089844,"z":0.6667834520339966},"rotation":{"x":0.11004632711410523,"y":0.8673580288887024,"z":-0.22083471715450288,"w":0.4322185218334198},"size":2.8496763706207277,"orthographic":false}