{"cameraMode":{"drawMode":0,"name":"Shaded","section":"Shading Mode"},"sceneLighting":false,"audioPlay":false,"sceneViewState":{"showFog":true,"showMaterialUpdate":false,"showSkybox":false,"showFlares":true,"showImageEffects":true,"showParticleSystems":true},"in2DMode":false,"pivot":{"x":-0.12095153331756592,"y":1.173822283744812,"z":0.24615293741226197},"rotation":{"x":-0.1573639065027237,"y":-0.7286722660064697,"z":0.17855781316757203,"w":-0.6421847343444824},"size":2.810837507247925,"orthographic":false}