{"cameraMode":{"drawMode":0,"name":"Shaded","section":"Shading Mode"},"sceneLighting":false,"audioPlay":false,"sceneViewState":{"showFog":true,"showMaterialUpdate":false,"showSkybox":false,"showFlares":true,"showImageEffects":true,"showParticleSystems":true},"in2DMode":false,"pivot":{"x":0.00001885509118437767,"y":0.02435470186173916,"z":-0.0039162286557257179},"rotation":{"x":-0.12490930408239365,"y":-0.870171844959259,"z":0.283846378326416,"w":-0.38294851779937746},"size":2.7366795539855959,"orthographic":false}