{"cameraMode":{"drawMode":0,"name":"Shaded","section":"Shading Mode"},"sceneLighting":false,"audioPlay":false,"sceneViewState":{"showFog":true,"showMaterialUpdate":false,"showSkybox":false,"showFlares":true,"showImageEffects":true,"showParticleSystems":true},"in2DMode":false,"pivot":{"x":-12.748973846435547,"y":9.782663345336914,"z":-3.5554680824279787},"rotation":{"x":-0.11581022292375565,"y":-0.7066464424133301,"z":0.11898034811019898,"w":-0.6878113746643066},"size":-0.5719612836837769,"orthographic":false}