{"cameraMode":{"drawMode":0,"name":"Shaded","section":"Shading Mode"},"sceneLighting":false,"audioPlay":false,"sceneViewState":{"showFog":true,"showMaterialUpdate":false,"showSkybox":false,"showFlares":true,"showImageEffects":true,"showParticleSystems":true},"in2DMode":false,"pivot":{"x":-7.469704627990723,"y":62.09242248535156,"z":10.493934631347657},"rotation":{"x":0.724381148815155,"y":-0.013690629042685032,"z":0.01421918161213398,"w":0.6891571283340454},"size":56.30891799926758,"orthographic":false}