{"cameraMode":{"drawMode":0,"name":"Shaded","section":"Shading Mode"},"sceneLighting":true,"audioPlay":false,"sceneViewState":{"showFog":true,"showMaterialUpdate":false,"showSkybox":false,"showFlares":true,"showImageEffects":true,"showParticleSystems":true},"in2DMode":false,"pivot":{"x":-5.162227630615234,"y":-0.0024480819702148439,"z":2.664072036743164},"rotation":{"x":-0.08357785642147064,"y":0.9114440679550171,"z":-0.23060472309589387,"w":-0.33032962679862978},"size":12.711783409118653,"orthographic":false}