{"cameraMode":{"drawMode":0,"name":"Shaded","section":"Shading Mode"},"sceneLighting":false,"audioPlay":false,"sceneViewState":{"showFog":true,"showMaterialUpdate":false,"showSkybox":false,"showFlares":true,"showImageEffects":true,"showParticleSystems":true},"in2DMode":false,"pivot":{"x":16.583038330078126,"y":19.745723724365236,"z":12.309318542480469},"rotation":{"x":0.016604576259851457,"y":-0.1553516536951065,"z":0.002611891133710742,"w":0.9877223372459412},"size":29.50295639038086,"orthographic":false}