{"cameraMode":{"drawMode":0,"name":"Shaded","section":"Shading Mode"},"sceneLighting":true,"audioPlay":false,"sceneViewState":{"showFog":true,"showMaterialUpdate":false,"showSkybox":false,"showFlares":true,"showImageEffects":true,"showParticleSystems":true},"in2DMode":false,"pivot":{"x":0.5074042677879334,"y":7.971218585968018,"z":3.1554670333862306},"rotation":{"x":-0.21249240636825562,"y":-0.6479944586753845,"z":0.1953529715538025,"w":-0.7048375606536865},"size":1.320723056793213,"orthographic":false}