{"cameraMode":{"drawMode":0,"name":"Shaded","section":"Shading Mode"},"sceneLighting":false,"audioPlay":false,"sceneViewState":{"showFog":true,"showMaterialUpdate":false,"showSkybox":false,"showFlares":true,"showImageEffects":true,"showParticleSystems":true},"in2DMode":false,"pivot":{"x":8.728046417236329,"y":-0.05753326416015625,"z":12.307220458984375},"rotation":{"x":-0.14246436953544618,"y":-0.35590580105781557,"z":0.05499490350484848,"w":-0.9219657778739929},"size":41.52227783203125,"orthographic":false}