{"cameraMode":{"drawMode":0,"name":"Shaded","section":"Shading Mode"},"sceneLighting":false,"audioPlay":false,"sceneViewState":{"showFog":true,"showMaterialUpdate":false,"showSkybox":false,"showFlares":true,"showImageEffects":true,"showParticleSystems":true},"in2DMode":false,"pivot":{"x":0.4350000023841858,"y":0.20000000298023225,"z":0.005900000222027302},"rotation":{"x":-0.006474507972598076,"y":0.981417715549469,"z":0.03356641158461571,"w":0.1889151632785797},"size":10.0,"orthographic":false}