{"cameraMode":{"drawMode":0,"name":"Shaded","section":"Shading Mode"},"sceneLighting":false,"audioPlay":false,"sceneViewState":{"showFog":true,"showMaterialUpdate":false,"showSkybox":false,"showFlares":true,"showImageEffects":true,"showParticleSystems":true},"in2DMode":false,"pivot":{"x":-0.11734996736049652,"y":1.1989350318908692,"z":-0.004956722259521484},"rotation":{"x":-0.002023683162406087,"y":0.9632668495178223,"z":-0.26847022771835329,"w":-0.00723938038572669},"size":4.549665927886963,"orthographic":false}