{"cameraMode":{"drawMode":0,"name":"Shaded","section":"Shading Mode"},"sceneLighting":false,"audioPlay":false,"sceneViewState":{"showFog":true,"showMaterialUpdate":false,"showSkybox":false,"showFlares":true,"showImageEffects":true,"showParticleSystems":true},"in2DMode":false,"pivot":{"x":109.49109649658203,"y":-76.70935821533203,"z":-94.5792465209961},"rotation":{"x":0.1791764497756958,"y":0.27621012926101687,"z":-0.05249287933111191,"w":0.9427878856658936},"size":2.384857177734375,"orthographic":false}