{"cameraMode":{"drawMode":0,"name":"Shaded","section":"Shading Mode"},"sceneLighting":false,"audioPlay":false,"sceneViewState":{"showFog":true,"showMaterialUpdate":false,"showSkybox":false,"showFlares":true,"showImageEffects":true,"showParticleSystems":true},"in2DMode":false,"pivot":{"x":-171.0201416015625,"y":191.81141662597657,"z":276.3760070800781},"rotation":{"x":0.0069653564132750038,"y":0.9930351376533508,"z":-0.08242101967334748,"w":0.08391140401363373},"size":0.6012150049209595,"orthographic":false}