{"cameraMode":{"drawMode":0,"name":"Shaded","section":"Shading Mode"},"sceneLighting":true,"audioPlay":false,"sceneViewState":{"showFog":true,"showMaterialUpdate":false,"showSkybox":false,"showFlares":true,"showImageEffects":true,"showParticleSystems":true},"in2DMode":false,"pivot":{"x":-0.6812885403633118,"y":8.21340560913086,"z":4.08311653137207},"rotation":{"x":-0.05697466433048248,"y":-0.9427202939987183,"z":0.24454498291015626,"w":-0.21962961554527284},"size":1.0792770385742188,"orthographic":false}