{"cameraMode":{"drawMode":0,"name":"Shaded","section":"Shading Mode"},"sceneLighting":true,"audioPlay":false,"sceneViewState":{"showFog":true,"showMaterialUpdate":false,"showSkybox":false,"showFlares":true,"showImageEffects":true,"showParticleSystems":true},"in2DMode":false,"pivot":{"x":32.16716384887695,"y":52.3841667175293,"z":133.62232971191407},"rotation":{"x":-0.1249176487326622,"y":0.0832349881529808,"z":0.010518481954932213,"w":0.9886176586151123},"size":154.57318115234376,"orthographic":false}