{"cameraMode":{"drawMode":0,"name":"Shaded","section":"Shading Mode"},"sceneLighting":false,"audioPlay":false,"sceneViewState":{"showFog":true,"showMaterialUpdate":false,"showSkybox":false,"showFlares":true,"showImageEffects":true,"showParticleSystems":true},"in2DMode":false,"pivot":{"x":1.0402532815933228,"y":110.65996551513672,"z":-1.5629112720489503},"rotation":{"x":-0.43154600262641909,"y":0.4633447527885437,"z":0.2766049802303314,"w":0.7228907942771912},"size":1.7181987762451172,"orthographic":false}