{"cameraMode":{"drawMode":0,"name":"Shaded","section":"Shading Mode"},"sceneLighting":false,"audioPlay":false,"sceneViewState":{"showFog":true,"showMaterialUpdate":false,"showSkybox":false,"showFlares":true,"showImageEffects":true,"showParticleSystems":true},"in2DMode":false,"pivot":{"x":0.10784029960632324,"y":-0.14365416765213014,"z":-0.25124096870422366},"rotation":{"x":-0.26387110352516177,"y":-0.3782164752483368,"z":0.11340488493442536,"w":-0.8800427913665772},"size":1.2000174522399903,"orthographic":false}