{"cameraMode":{"drawMode":0,"name":"Shaded","section":"Shading Mode"},"sceneLighting":false,"audioPlay":false,"sceneViewState":{"showFog":true,"showMaterialUpdate":false,"showSkybox":false,"showFlares":true,"showImageEffects":true,"showParticleSystems":true},"in2DMode":false,"pivot":{"x":1.4971404075622559,"y":1.552964210510254,"z":0.28339409828186037},"rotation":{"x":-0.48545029759407046,"y":-0.23989175260066987,"z":0.1405099481344223,"w":-0.8288977146148682},"size":5.203356742858887,"orthographic":false}