{"cameraMode":{"drawMode":0,"name":"Shaded","section":"Shading Mode"},"sceneLighting":false,"audioPlay":false,"sceneViewState":{"showFog":true,"showMaterialUpdate":false,"showSkybox":false,"showFlares":true,"showImageEffects":true,"showParticleSystems":true},"in2DMode":false,"pivot":{"x":-1.2392311096191407,"y":7.279236316680908,"z":2.8176350593566896},"rotation":{"x":-0.06322997808456421,"y":0.2159164547920227,"z":-0.014013232663273812,"w":-0.9742610454559326},"size":3.631417751312256,"orthographic":false}