{"cameraMode":{"drawMode":0,"name":"Shaded","section":"Shading Mode"},"sceneLighting":false,"audioPlay":false,"sceneViewState":{"showFog":true,"showMaterialUpdate":false,"showSkybox":false,"showFlares":true,"showImageEffects":true,"showParticleSystems":true},"in2DMode":false,"pivot":{"x":-1.617532730102539,"y":0.275491863489151,"z":1.654393196105957},"rotation":{"x":0.01315577607601881,"y":0.44488513469696047,"z":0.006535735912621021,"w":-0.8954716920852661},"size":3.0055394172668459,"orthographic":false}