{"cameraMode":{"drawMode":0,"name":"Shaded","section":"Shading Mode"},"sceneLighting":false,"audioPlay":false,"sceneViewState":{"showFog":true,"showMaterialUpdate":false,"showSkybox":false,"showFlares":true,"showImageEffects":true,"showParticleSystems":true},"in2DMode":false,"pivot":{"x":-16.57360076904297,"y":8.280088424682618,"z":3.6828861236572267},"rotation":{"x":0.011260024271905423,"y":-0.7423258423805237,"z":0.012480031698942185,"w":0.669832706451416},"size":0.6071943044662476,"orthographic":false}