{"cameraMode":{"drawMode":0,"name":"Shaded","section":"Shading Mode"},"sceneLighting":false,"audioPlay":false,"sceneViewState":{"showFog":true,"showMaterialUpdate":false,"showSkybox":false,"showFlares":true,"showImageEffects":true,"showParticleSystems":true},"in2DMode":false,"pivot":{"x":106.8518295288086,"y":-33.57015609741211,"z":-172.61343383789063},"rotation":{"x":-0.004531810525804758,"y":0.9889062643051148,"z":-0.1452227681875229,"w":-0.030863841995596887},"size":0.781385600566864,"orthographic":false}