{"cameraMode":{"drawMode":0,"name":"Shaded","section":"Shading Mode"},"sceneLighting":false,"audioPlay":false,"sceneViewState":{"showFog":true,"showMaterialUpdate":false,"showSkybox":false,"showFlares":true,"showImageEffects":true,"showParticleSystems":true},"in2DMode":false,"pivot":{"x":-0.9051005840301514,"y":0.8962682485580444,"z":-0.20891427993774415},"rotation":{"x":-0.014859558083117009,"y":0.8494059443473816,"z":0.023951642215251924,"w":0.5269902944564819},"size":0.10018301010131836,"orthographic":false}