{"cameraMode":{"drawMode":0,"name":"Shaded","section":"Shading Mode"},"sceneLighting":false,"audioPlay":false,"sceneViewState":{"showFog":true,"showMaterialUpdate":false,"showSkybox":false,"showFlares":true,"showImageEffects":true,"showParticleSystems":true},"in2DMode":false,"pivot":{"x":111.80638885498047,"y":-41.838008880615237,"z":139.63003540039063},"rotation":{"x":0.10308480262756348,"y":0.10127086937427521,"z":-0.01055052224546671,"w":0.9894487261772156},"size":1.3893308639526368,"orthographic":false}