{"cameraMode":{"drawMode":0,"name":"Shaded","section":"Shading Mode"},"sceneLighting":false,"audioPlay":false,"sceneViewState":{"showFog":true,"showMaterialUpdate":false,"showSkybox":false,"showFlares":true,"showImageEffects":true,"showParticleSystems":true},"in2DMode":false,"pivot":{"x":-0.027313232421875,"y":1.7655155658721924,"z":-0.02788946032524109},"rotation":{"x":0.03454628586769104,"y":0.9620529413223267,"z":-0.22811110317707063,"w":0.14569491147994996},"size":1.8575490713119507,"orthographic":false}