{"cameraMode":{"drawMode":0,"name":"Shaded","section":"Shading Mode"},"sceneLighting":false,"audioPlay":false,"sceneViewState":{"showFog":true,"showMaterialUpdate":false,"showSkybox":false,"showFlares":true,"showImageEffects":true,"showParticleSystems":true},"in2DMode":false,"pivot":{"x":5.494634628295898,"y":-23.251134872436525,"z":180.58407592773438},"rotation":{"x":0.047107797116041186,"y":0.9518112540245056,"z":-0.1897820085287094,"w":0.23625631630420686},"size":1.5764375925064088,"orthographic":false}