{"cameraMode":{"drawMode":0,"name":"Shaded","section":"Shading Mode"},"sceneLighting":false,"audioPlay":false,"sceneViewState":{"showFog":true,"showMaterialUpdate":false,"showSkybox":false,"showFlares":true,"showImageEffects":true,"showParticleSystems":true},"in2DMode":false,"pivot":{"x":5081.2392578125,"y":3345.4658203125,"z":1829.8101806640625},"rotation":{"x":-0.04935160279273987,"y":0.949141800403595,"z":-0.19073086977005006,"w":-0.24559375643730164},"size":2.6001083850860597,"orthographic":false}