{"cameraMode":{"drawMode":0,"name":"Shaded","section":"Shading Mode"},"sceneLighting":false,"audioPlay":false,"sceneViewState":{"showFog":true,"showMaterialUpdate":false,"showSkybox":false,"showFlares":true,"showImageEffects":true,"showParticleSystems":true},"in2DMode":false,"pivot":{"x":-0.18947350978851319,"y":0.1230170726776123,"z":-0.47144123911857607},"rotation":{"x":-0.2388583868741989,"y":-0.7390487790107727,"z":-0.3284393846988678,"w":0.5374879240989685},"size":0.7257282137870789,"orthographic":false}