{"cameraMode":{"drawMode":0,"name":"Shaded","section":"Shading Mode"},"sceneLighting":true,"audioPlay":false,"sceneViewState":{"showFog":true,"showMaterialUpdate":false,"showSkybox":true,"showFlares":true,"showImageEffects":true,"showParticleSystems":true},"in2DMode":false,"pivot":{"x":0.15629827976226808,"y":0.21647179126739503,"z":0.203277587890625},"rotation":{"x":-0.22923964262008668,"y":0.38340890407562258,"z":-0.09884578734636307,"w":-0.889204740524292},"size":2.547969102859497,"orthographic":false}