{"cameraMode":{"drawMode":0,"name":"Shaded","section":"Shading Mode"},"sceneLighting":false,"audioPlay":false,"sceneViewState":{"showFog":true,"showMaterialUpdate":false,"showSkybox":false,"showFlares":true,"showImageEffects":true,"showParticleSystems":true},"in2DMode":false,"pivot":{"x":-0.28871291875839236,"y":0.08574657142162323,"z":-0.15842944383621217},"rotation":{"x":-0.00996238924562931,"y":-0.9864687323570252,"z":0.06550821661949158,"w":-0.14998984336853028},"size":0.565484344959259,"orthographic":false}