{"cameraMode":{"drawMode":0,"name":"Shaded","section":"Shading Mode"},"sceneLighting":false,"audioPlay":false,"sceneViewState":{"showFog":true,"showMaterialUpdate":false,"showSkybox":false,"showFlares":true,"showImageEffects":true,"showParticleSystems":true},"in2DMode":false,"pivot":{"x":111.34388732910156,"y":-42.836727142333987,"z":139.5104522705078},"rotation":{"x":0.10308480262756348,"y":0.10127086937427521,"z":-0.01055052224546671,"w":0.9894487261772156},"size":3.489330530166626,"orthographic":false}