{"cameraMode":{"drawMode":0,"name":"Shaded","section":"Shading Mode"},"sceneLighting":false,"audioPlay":false,"sceneViewState":{"showFog":true,"showMaterialUpdate":false,"showSkybox":false,"showFlares":true,"showImageEffects":true,"showParticleSystems":true},"in2DMode":false,"pivot":{"x":-0.37839221954345705,"y":-0.4617835283279419,"z":0.4144750237464905},"rotation":{"x":-0.3173852264881134,"y":0.603132963180542,"z":-0.2838035523891449,"w":-0.6745020151138306},"size":1.721433162689209,"orthographic":false}