{"cameraMode":{"drawMode":0,"name":"Shaded","section":"Shading Mode"},"sceneLighting":false,"audioPlay":false,"sceneViewState":{"showFog":true,"showMaterialUpdate":false,"showSkybox":false,"showFlares":true,"showImageEffects":true,"showParticleSystems":true},"in2DMode":false,"pivot":{"x":-0.332172691822052,"y":-1.0375975370407105,"z":-0.009124517440795899},"rotation":{"x":0.015951473265886308,"y":-0.7390120029449463,"z":-0.01751229353249073,"w":-0.6732832789421082},"size":4.238613128662109,"orthographic":false}