{"cameraMode":{"drawMode":0,"name":"Shaded","section":"Shading Mode"},"sceneLighting":false,"audioPlay":false,"sceneViewState":{"showFog":true,"showMaterialUpdate":false,"showSkybox":false,"showFlares":true,"showImageEffects":true,"showParticleSystems":true},"in2DMode":false,"pivot":{"x":0.08952140808105469,"y":13.253134727478028,"z":7.497971534729004},"rotation":{"x":-0.0492093600332737,"y":0.8787515759468079,"z":-0.0928848385810852,"w":-0.46555987000465395},"size":12.618661880493164,"orthographic":false}