{"cameraMode":{"drawMode":0,"name":"Shaded","section":"Shading Mode"},"sceneLighting":false,"audioPlay":false,"sceneViewState":{"showFog":true,"showMaterialUpdate":false,"showSkybox":false,"showFlares":true,"showImageEffects":true,"showParticleSystems":true},"in2DMode":false,"pivot":{"x":-0.6454508304595947,"y":0.89305180311203,"z":-0.47617021203041079},"rotation":{"x":-0.14384648203849793,"y":-0.7808418273925781,"z":0.19506977498531342,"w":-0.5757970809936523},"size":0.8719612956047058,"orthographic":false}