{"cameraMode":{"drawMode":0,"name":"Shaded","section":"Shading Mode"},"sceneLighting":false,"audioPlay":false,"sceneViewState":{"showFog":true,"showMaterialUpdate":false,"showSkybox":false,"showFlares":true,"showImageEffects":true,"showParticleSystems":true},"in2DMode":false,"pivot":{"x":0.36000001430511477,"y":-1.7999999523162842,"z":0.0},"rotation":{"x":-0.04935160279273987,"y":0.949141800403595,"z":-0.19073086977005006,"w":-0.24559375643730164},"size":13.022601127624512,"orthographic":false}